path	sha256	size	compress_type	crc32
META-INF/com/android/build/gradle/app-metadata.properties	446752ab8fda8e1bb6177157234950c7d1f7a2ce59bf5c13f5e9dd4ba5d2d3b4	57	8	3990918953
META-INF/version-control-info.textproto	38d377afa76b6364e5bf551cf4ffec1a881a46102a0047f523fbf148e0df6928	46	8	3103745364
assets/dexopt/baseline.prof	53fd48262fb67be57080b5049d51c2f64fde55e2e5765bcb6e835cef12c78626	1484	0	277454418
assets/dexopt/baseline.profm	45a705c525746549161b433640436f2dbba221e71d546775cee025955aca6cc7	260	0	3578119442
classes.dex	4dc2a00c6d084d52ef723176372607ac834fbd5de6cd0adca58ba687e0154756	4955116	8	1230946622
classes2.dex	2328f854201ed46b013d9c2517770f9b8c59f5cc6c244fa5fc46382f15aefd66	214212	8	2800132031
lib/arm64-v8a/libapp.so	8fb9e6f6c3df165aa790e9a3c151a003dd6b899b634a232032e84850a626d322	10617744	8	2813069989
lib/arm64-v8a/libbarhopper_v3.so	ec09597e9eb3aee0eb55ae3366da0d4ba416f5aa35a1af0b3811f50ff46743a1	4946720	8	334476412
lib/arm64-v8a/libdatastore_shared_counter.so	d3e48717c9aa147e0ab21063ba0e8e0211cabf8bf40b222640829519edbf58e1	7112	8	1331080248
lib/arm64-v8a/libflutter.so	bc65ea22533619373528334ecab818f8220f2f1136cd09c44fb141d7377f93b2	11580816	8	2476092328
lib/arm64-v8a/libimage_processing_util_jni.so	0292b063fafccf734472cbb59588e756c2dbca907c72021ba6fbf126385508a2	32528	8	3502586347
lib/arm64-v8a/libmlkit_google_ocr_pipeline.so	fa41d509a661e8aa8b3e3ac1a28541f8823f308414fcad733fe26d61feea2646	11064544	8	1510142391
lib/arm64-v8a/libsurface_util_jni.so	a5c9d1928ea92ec7a94dff8cf666e7739cd734198b9f0ae1d4e28ea3c86516ba	4896	8	3738354362
lib/armeabi-v7a/libbarhopper_v3.so	b3c162c69e4906b816227ae116bfd8b9ff19cfdd58a3de0c9a9b110e030063e9	3244440	8	415967717
lib/armeabi-v7a/libdatastore_shared_counter.so	716c5d8d2cac8ca0edf65da8f139c7886b726ac79d542a14edeb94994ba6d3dc	4416	8	4289086347
lib/armeabi-v7a/libimage_processing_util_jni.so	05973c0cf8e8dd281c8ec505c41814b78b740461056925bb41120594d7c35dcd	24448	8	3102817694
lib/armeabi-v7a/libmlkit_google_ocr_pipeline.so	06b9e2f587e401c6446aa0db344bb31b622957a2d04aa4eac03cde8b3a6ed78a	6781940	8	642735568
lib/armeabi-v7a/libsurface_util_jni.so	78eb0b10e91b819be97cb7daa8c97fb757fa6d07cb80ccb7e92c113b45bda9be	3460	8	571225617
lib/x86_64/libbarhopper_v3.so	6c5deea87d962af008fd48c3229db13ab68eef2e9feeccb2df5b33a920c0579a	5909280	8	1314385795
lib/x86_64/libdatastore_shared_counter.so	fb6c9208988c49ae94943bc3236fa763ba584722e044fa4ea9a12d2941027105	6224	8	1420127056
lib/x86_64/libimage_processing_util_jni.so	112703727717651e69e91f3ea2c3c2311737ee5809a909c9d342a811b6c7c069	49416	8	839101467
lib/x86_64/libmlkit_google_ocr_pipeline.so	3ddffb498b60f7f9512e341d4ee3abe4e1580c4fd65ef9b2c8ce9e490de467d8	11626128	8	926062005
lib/x86_64/libsurface_util_jni.so	e5311942b4fce0f7f2505d41150cf9921e558a6368929cb73127450f74dd4fe4	4912	8	1293515830
assets/flutter_assets/AssetManifest.bin	3439fe5eecfe35b8cde9ce4dfc09b758154715e343d8989303509ac015124010	311	8	2104124090
assets/flutter_assets/FontManifest.json	cd7e03645bc44b2dd47b7cb626f51c4ecbf55a197ab77241628b47ac165fbe21	208	8	4108541988
assets/flutter_assets/NOTICES.Z	0e5cb8de442f4ff00759fef6042541a786986a03ac81c08a40db4156070cfd57	118355	8	3644044324
assets/flutter_assets/NativeAssetsManifest.json	9548a31e4a048135c1d94f919328bfb62ae2c7bb3cab96557c7941daa97776cb	45	8	3951449013
assets/flutter_assets/assets/branding/waouh_mark.svg	d818a52ce04a5a3cf105b95277939ff78316a02ff067674d5fd7a8d0a4fd6d9f	871	8	2439471423
assets/flutter_assets/fonts/MaterialIcons-Regular.otf	5c23ab639b2edd0979f40b230584b705ff8cbe7ae99971dc337c4ce4d334e134	39816	8	3326876494
assets/flutter_assets/packages/cupertino_icons/assets/CupertinoIcons.ttf	51d25345371e608ecd45e3a14ab239b4be650e9011149201a5b18c404d2469da	848	8	4134932974
assets/flutter_assets/packages/flutter_map/lib/assets/flutter_map_logo.png	6051ae42fb505931a833e58f9209a9f96669a4d0e4b3f06f6d82cde12a0e0401	2424	0	4291620703
assets/flutter_assets/shaders/ink_sparkle.frag	1fe8436a743884cb65078fe8c7b38e18f5365f2a2961270916f426fd13c604af	21856	8	2892929822
assets/flutter_assets/shaders/stretch_effect.frag	62a899ff4e168ac6ca888ce7c2f40e5d3fbf8ca20a1c3ded781a116a6d7907e2	17624	8	997696266
assets/mlkit-google-ocr-models/aksara/aksara_page_layout_analysis_rpn_gcn.binarypb	b2963b78c7e55fdfd5ed82ca60f045aace7a7e373b5d93254e9ac979dcb5bb67	276	8	3364651609
assets/mlkit-google-ocr-models/aksara/aksara_page_layout_analysis_ti_rpn_gcn.binarypb	d448c5de8d480d491ac128657926e6253a770baa90afb0e97a67740c93c1e9f3	278	8	1359240862
assets/mlkit-google-ocr-models/gocr/gocr_models/line_recognition_legacy_mobile/Latn_ctc/optical/assets.extra/LabelMap.pb	c6d345043a561f9dfdb1472cfca7cdda0128b19cb6909c67032c5783077c92b3	3809	8	2045719922
assets/mlkit-google-ocr-models/gocr/gocr_models/line_recognition_legacy_mobile/Latn_ctc/optical/conv_model.fb	64aba719b4ed1ee5b3d4886c5aaf0b1ac051bf5879e9b08e861e0e29e20a08a7	40848	8	3139105529
assets/mlkit-google-ocr-models/gocr/gocr_models/line_recognition_legacy_mobile/Latn_ctc/optical/lstm_model.fb	0ed62e4fbe0fc5c4090aec473b136e188f828590765c028382358daddb3ccb6e	309568	8	1457013890
assets/mlkit-google-ocr-models/gocr/gocr_models/line_recognition_legacy_mobile/Latn_ctc_cpu.binarypb	a1dce9a376905a597366f6c9a0b3723205486880e176869e1ad65e92d68e068b	333	8	4209861512
assets/mlkit-google-ocr-models/gocr/gocr_models/line_recognition_legacy_mobile/tflite_langid.tflite	7f931f6f7c1dd0ec591ace7780df91645a450fafc83505f3ff45ce5ef7c8441b	315520	0	961437549
assets/mlkit-google-ocr-models/gocr/layout/line_clustering_custom_ops/model.tflite	ecda697ed244c5762410e0497878eabcda5f8b0682fb7c3800cd88a7f45dd8e6	129612	0	2357447520
assets/mlkit-google-ocr-models/gocr/layout/line_splitting_custom_ops/model.tflite	f42197e656972c330bb9f092edbe298b4a6c2fcd808ff6d614381311f8dd22a7	114384	0	744595560
assets/mlkit-google-ocr-models/taser/detector/region_proposal_text_detector_tflite_vertical_mbv2_v1.bincfg	7ac2d4c04fb2fe0cd5c33e3030d9276c40286c73f97c2daa3ab94ea8c3f314c3	452	8	2841287559
assets/mlkit-google-ocr-models/taser/detector/rpn_text_detector_mobile_space_to_depth_quantized_mbv2_v1.tflite	eb811a1290738f131e4005d8a1d63ef21770866414b847190a932f0b56c0d18f	340760	0	2650962453
assets/mlkit-google-ocr-models/taser/rpn_text_detection_tflite_mobile_mbv2.binarypb	86660be29934bdd123a65ea30ec09eaa66481a7ac2def8e8f376e78484f8774a	194	8	1352413731
assets/mlkit-google-ocr-models/taser/segmenter/tflite_script_detector_0.3.bincfg	d4223c23cd8ee3d3d4999d4e10bb16ec0b8119f8812e5e66e64e907c5508f21b	1118	8	3319152261
assets/mlkit-google-ocr-models/taser/segmenter/tflite_script_detector_0.3.conv_model	16be9fc0c0c9429cc3714d5d2e8662c53bd28cf0031375e237db288dc8da8d5f	40808	8	3970733450
assets/mlkit-google-ocr-models/taser/segmenter/tflite_script_detector_0.3.lstm_model	2281a01686f9ff9164f2a12ed743818e2b8e0af6ae7c73240924d70342d3f2cb	161448	8	1132239964
assets/mlkit-google-ocr-models/taser/taser_script_identification_tflite_mobile.binarypb	a3ebf2720f86e1440e42604f8bd48194111e152fa93886f987655f01a9336d32	136	8	1569589439
assets/mlkit-google-ocr-models/taser_tflite_gocrlatin_mbv2_scriptid_aksara_layout_gcn_mobile_engine.binarypb	78210a92ad8ff692898e15d37718094c179149c9546a8fd53759b22939d39348	13178	8	3902589111
assets/mlkit-google-ocr-models/taser_tflite_gocrlatin_mbv2_scriptid_aksara_layout_gcn_mobile_engine_ti.binarypb	bfd6e9cb8ed0536d03fc9c06a31bc79de3996bc7dcfbe9f4cc19f819231b7d0a	13183	8	2039334174
assets/mlkit-google-ocr-models/taser_tflite_gocrlatin_mbv2_scriptid_aksara_layout_gcn_mobile_recognizer.binarypb	e80538539371576a5ad7dd58ed314a4f4d9fd9fca7ad73efdac476a6c3eb1ab4	233	8	3656615778
assets/mlkit-google-ocr-models/taser_tflite_gocrlatin_mbv2_scriptid_aksara_layout_gcn_mobile_runner.binarypb	32c2c1b72ba32605c23a96a8b7bf4ebf8f5a916df6cd672724556a17d3d6c59e	331	8	584840100
assets/mlkit-google-ocr-models/taser_tflite_gocrlatin_mbv2_scriptid_aksara_layout_gcn_mobile_runner_ti.binarypb	2c8581869ebb972a2d82403c9cd871a1d4c8d6419ae371fc1d859ad2bce2d5dc	334	8	2790050496
assets/mlkit_barcode_models/barcode_ssd_mobilenet_v1_dmp25_quant.tflite	6c7b209f4256ca4521d86f83d00904ada1a6a443010698463b750d757fae15a4	390456	0	830405805
assets/mlkit_barcode_models/oned_auto_regressor_mobile.tflite	8e07cd3b38da1ded3c07d6c81d06990cbdfa284c214557b94e106372e0497442	213880	0	269533097
assets/mlkit_barcode_models/oned_feature_extractor_mobile.tflite	981c89dcca6aac10c7ff7304933747f6936292b6395d02ee944e6fbc73b3c92b	276552	0	1960494768
DebugProbesKt.bin	065bd792b8527764f33147188302af5bf9e2a8da40fde0830dc111ad26dae40e	1728	8	3389884101
META-INF/DEPENDENCIES	378d92fe9f7d91d28e246d9a9ba46877748f3dae210a3662376ce63173ec209c	680	8	645343560
META-INF/NOTICE.md	992ed62dd3ee17d73ce6a4a5e02dd0fed9eb326bf386aa5304e6a512214df540	1074	8	2087696881
META-INF/androidx.activity_activity-ktx.version	272bc91e0090267f931e4afb8cbf47facd446b6556710cfe5f70621caeb8bb19	6	8	2874913825
META-INF/androidx.activity_activity.version	272bc91e0090267f931e4afb8cbf47facd446b6556710cfe5f70621caeb8bb19	6	8	2874913825
META-INF/androidx.annotation_annotation-experimental.version	7d072b48526b023950e4c48db01e8c273554a6401119f5691e7589ba9bc65d9d	6	8	1795624574
META-INF/androidx.appcompat_appcompat-resources.version	6430a242e9486093ef6f71d9086d48f61ba102f0d2fb0f5b95334c6007a46db3	6	8	3238971125
META-INF/androidx.appcompat_appcompat.version	6430a242e9486093ef6f71d9086d48f61ba102f0d2fb0f5b95334c6007a46db3	6	8	3238971125
META-INF/androidx.arch.core_core-runtime.version	1b7c606370188534dac5561fba2b2988093829697fce9e6e8832e9291d24ed00	67	8	1307063212
META-INF/androidx.asynclayoutinflater_asynclayoutinflater.version	59854984853104df5c353e2f681a15fc7924742f9a2e468c29af248dce45ce03	6	8	4252936296
META-INF/androidx.browser_browser.version	3eb1ef94b5890ca727158b106142685c8733b0ace5bcb4cf3f0ac14f9f0643f4	6	8	952795271
META-INF/androidx.camera.featurecombinationquery_featurecombinationquery.version	6430a242e9486093ef6f71d9086d48f61ba102f0d2fb0f5b95334c6007a46db3	6	8	3238971125
META-INF/androidx.camera_camera-camera2-pipe.version	6430a242e9486093ef6f71d9086d48f61ba102f0d2fb0f5b95334c6007a46db3	6	8	3238971125
META-INF/androidx.camera_camera-camera2.version	6430a242e9486093ef6f71d9086d48f61ba102f0d2fb0f5b95334c6007a46db3	6	8	3238971125
META-INF/androidx.camera_camera-core.version	6430a242e9486093ef6f71d9086d48f61ba102f0d2fb0f5b95334c6007a46db3	6	8	3238971125
META-INF/androidx.camera_camera-lifecycle.version	6430a242e9486093ef6f71d9086d48f61ba102f0d2fb0f5b95334c6007a46db3	6	8	3238971125
META-INF/androidx.coordinatorlayout_coordinatorlayout.version	59854984853104df5c353e2f681a15fc7924742f9a2e468c29af248dce45ce03	6	8	4252936296
META-INF/androidx.core_core-backported-fixes.version	59854984853104df5c353e2f681a15fc7924742f9a2e468c29af248dce45ce03	6	8	4252936296
META-INF/androidx.core_core-ktx.version	d5b1f46669d1cff3be556b1656732c8777ad8ad3f3d05459cfb11dadb1f17d19	7	8	4163516540
META-INF/androidx.core_core.version	d5b1f46669d1cff3be556b1656732c8777ad8ad3f3d05459cfb11dadb1f17d19	7	8	4163516540
META-INF/androidx.credentials_credentials-play-services-auth.version	64d23f858ef51b0f996e4966d4e27c0371b437e2d2787890b1f7ad22d4ec5663	6	8	4023060358
META-INF/androidx.credentials_credentials.version	64d23f858ef51b0f996e4966d4e27c0371b437e2d2787890b1f7ad22d4ec5663	6	8	4023060358
META-INF/androidx.cursoradapter_cursoradapter.version	59854984853104df5c353e2f681a15fc7924742f9a2e468c29af248dce45ce03	6	8	4252936296
META-INF/androidx.customview_customview.version	1575e1af4a95f12f70b4ee6a6adce8160953d93ea17dc2611b90883ccc3ad3b8	6	8	1170394893
META-INF/androidx.datastore_datastore-core.version	5dae0c0a5ed3cdaa78704e25bb38d72c31018311e933283d06ed4f93360bfc6c	6	8	1861197006
META-INF/androidx.datastore_datastore-preferences.version	5dae0c0a5ed3cdaa78704e25bb38d72c31018311e933283d06ed4f93360bfc6c	6	8	1861197006
META-INF/androidx.datastore_datastore.version	5dae0c0a5ed3cdaa78704e25bb38d72c31018311e933283d06ed4f93360bfc6c	6	8	1861197006
META-INF/androidx.documentfile_documentfile.version	59854984853104df5c353e2f681a15fc7924742f9a2e468c29af248dce45ce03	6	8	4252936296
META-INF/androidx.drawerlayout_drawerlayout.version	59854984853104df5c353e2f681a15fc7924742f9a2e468c29af248dce45ce03	6	8	4252936296
META-INF/androidx.emoji2_emoji2-views-helper.version	1e5b51cde515396a9fa762909cf8ca6584ccc564b325d2eebeea76175fe95c4d	6	8	1467441379
META-INF/androidx.emoji2_emoji2.version	1e5b51cde515396a9fa762909cf8ca6584ccc564b325d2eebeea76175fe95c4d	6	8	1467441379
META-INF/androidx.exifinterface_exifinterface.version	b99b4c7cdf236f59bc9f65d963deaecae3b16a7dad87939cacb9057f7664daee	6	8	1076518333
META-INF/androidx.fragment_fragment-ktx.version	249182a01164b81a5f7af87e5c5cdbd3344a80a7a66dfca624cecfb1501b2420	6	8	2041749904
META-INF/androidx.fragment_fragment.version	249182a01164b81a5f7af87e5c5cdbd3344a80a7a66dfca624cecfb1501b2420	6	8	2041749904
META-INF/androidx.interpolator_interpolator.version	59854984853104df5c353e2f681a15fc7924742f9a2e468c29af248dce45ce03	6	8	4252936296
META-INF/androidx.legacy_legacy-support-core-ui.version	59854984853104df5c353e2f681a15fc7924742f9a2e468c29af248dce45ce03	6	8	4252936296
META-INF/androidx.legacy_legacy-support-core-utils.version	59854984853104df5c353e2f681a15fc7924742f9a2e468c29af248dce45ce03	6	8	4252936296
META-INF/androidx.lifecycle_lifecycle-livedata-core-ktx.version	f48da3d32b75f2a1f076aeb96afbffb54ee311bb42e7ff5952e818b275a60368	6	8	4045366510
META-INF/androidx.lifecycle_lifecycle-livedata-core.version	f48da3d32b75f2a1f076aeb96afbffb54ee311bb42e7ff5952e818b275a60368	6	8	4045366510
META-INF/androidx.lifecycle_lifecycle-livedata.version	f48da3d32b75f2a1f076aeb96afbffb54ee311bb42e7ff5952e818b275a60368	6	8	4045366510
META-INF/androidx.lifecycle_lifecycle-process.version	f48da3d32b75f2a1f076aeb96afbffb54ee311bb42e7ff5952e818b275a60368	6	8	4045366510
META-INF/androidx.lifecycle_lifecycle-runtime-ktx.version	f48da3d32b75f2a1f076aeb96afbffb54ee311bb42e7ff5952e818b275a60368	6	8	4045366510
META-INF/androidx.lifecycle_lifecycle-runtime.version	f48da3d32b75f2a1f076aeb96afbffb54ee311bb42e7ff5952e818b275a60368	6	8	4045366510
META-INF/androidx.lifecycle_lifecycle-viewmodel-ktx.version	f48da3d32b75f2a1f076aeb96afbffb54ee311bb42e7ff5952e818b275a60368	6	8	4045366510
META-INF/androidx.lifecycle_lifecycle-viewmodel-savedstate.version	f48da3d32b75f2a1f076aeb96afbffb54ee311bb42e7ff5952e818b275a60368	6	8	4045366510
META-INF/androidx.lifecycle_lifecycle-viewmodel.version	f48da3d32b75f2a1f076aeb96afbffb54ee311bb42e7ff5952e818b275a60368	6	8	4045366510
META-INF/androidx.loader_loader.version	1575e1af4a95f12f70b4ee6a6adce8160953d93ea17dc2611b90883ccc3ad3b8	6	8	1170394893
META-INF/androidx.localbroadcastmanager_localbroadcastmanager.version	1575e1af4a95f12f70b4ee6a6adce8160953d93ea17dc2611b90883ccc3ad3b8	6	8	1170394893
META-INF/androidx.media_media.version	1575e1af4a95f12f70b4ee6a6adce8160953d93ea17dc2611b90883ccc3ad3b8	6	8	1170394893
META-INF/androidx.preference_preference.version	6cf4e084b47f33c9b02ef79279d157833868f8f70514169a768be353ee328fea	6	8	1315721634
META-INF/androidx.print_print.version	59854984853104df5c353e2f681a15fc7924742f9a2e468c29af248dce45ce03	6	8	4252936296
META-INF/androidx.profileinstaller_profileinstaller.version	10e2e117b01523891ca271a615ae36e9d5e52348fd7d642f66727602c1b8dcbe	6	8	4140840647
META-INF/androidx.recyclerview_recyclerview.version	59854984853104df5c353e2f681a15fc7924742f9a2e468c29af248dce45ce03	6	8	4252936296
META-INF/androidx.savedstate_savedstate-ktx.version	6cf4e084b47f33c9b02ef79279d157833868f8f70514169a768be353ee328fea	6	8	1315721634
META-INF/androidx.savedstate_savedstate.version	6cf4e084b47f33c9b02ef79279d157833868f8f70514169a768be353ee328fea	6	8	1315721634
META-INF/androidx.slidingpanelayout_slidingpanelayout.version	1e5b51cde515396a9fa762909cf8ca6584ccc564b325d2eebeea76175fe95c4d	6	8	1467441379
META-INF/androidx.startup_startup-runtime.version	cc52f678848b814373757b460383bf61960e4943c203735adde0a350b3e50989	6	8	1557790284
META-INF/androidx.swiperefreshlayout_swiperefreshlayout.version	59854984853104df5c353e2f681a15fc7924742f9a2e468c29af248dce45ce03	6	8	4252936296
META-INF/androidx.tracing_tracing-ktx.version	64d23f858ef51b0f996e4966d4e27c0371b437e2d2787890b1f7ad22d4ec5663	6	8	4023060358
META-INF/androidx.tracing_tracing.version	64d23f858ef51b0f996e4966d4e27c0371b437e2d2787890b1f7ad22d4ec5663	6	8	4023060358
META-INF/androidx.transition_transition.version	7d072b48526b023950e4c48db01e8c273554a6401119f5691e7589ba9bc65d9d	6	8	1795624574
META-INF/androidx.vectordrawable_vectordrawable-animated.version	1575e1af4a95f12f70b4ee6a6adce8160953d93ea17dc2611b90883ccc3ad3b8	6	8	1170394893
META-INF/androidx.vectordrawable_vectordrawable.version	1575e1af4a95f12f70b4ee6a6adce8160953d93ea17dc2611b90883ccc3ad3b8	6	8	1170394893
META-INF/androidx.versionedparcelable_versionedparcelable.version	cc52f678848b814373757b460383bf61960e4943c203735adde0a350b3e50989	6	8	1557790284
META-INF/androidx.viewpager_viewpager.version	59854984853104df5c353e2f681a15fc7924742f9a2e468c29af248dce45ce03	6	8	4252936296
META-INF/androidx.window.extensions.core_core.version	59854984853104df5c353e2f681a15fc7924742f9a2e468c29af248dce45ce03	6	8	4252936296
META-INF/androidx.window_window-java.version	1e5b51cde515396a9fa762909cf8ca6584ccc564b325d2eebeea76175fe95c4d	6	8	1467441379
META-INF/androidx.window_window.version	1e5b51cde515396a9fa762909cf8ca6584ccc564b325d2eebeea76175fe95c4d	6	8	1467441379
META-INF/androidx/annotation/annotation/LICENSE.txt	809fa1ed21450f59827d1e9aec720bbc4b687434fa22283c6cb5dd82a47ab9c0	10175	8	4188542632
META-INF/com.google.dagger_dagger.version	277e283a8933944097dbb4c80890c70b1b32b087adac878c6815e1641046886d	5	8	2447345449
META-INF/kotlinx_coroutines_android.version	f1deeb62e209be1a1fa35478861037ecdc5d1ad1d6f8fd692680f7f5cb1a4991	6	8	1089850669
META-INF/kotlinx_coroutines_core.version	f1deeb62e209be1a1fa35478861037ecdc5d1ad1d6f8fd692680f7f5cb1a4991	6	8	1089850669
META-INF/kotlinx_coroutines_play_services.version	f1deeb62e209be1a1fa35478861037ecdc5d1ad1d6f8fd692680f7f5cb1a4991	6	8	1089850669
META-INF/services/W4.a	8967063e94c581d2171c27a04ec1376d8073c038a8d44b92cdbaeae5fdbe72b9	5	8	2646102818
META-INF/services/W4.b	05949953f099e5737839e5bf1e2766fe6700919f43c799ed95b409f980fcba55	5	8	3063218401
META-INF/services/org.apache.tika.metadata.filter.MetadataFilter	48fd5a59d1848d5b078b2af215d0525312aae8a9a3c6ba5ca5e4c52ea216ba5f	43	8	1381057720
META-INF/versions/9/OSGI-INF/MANIFEST.MF	a844d62b02a9eefd9d112e74fd660843d91cd8b81dce6ce60a9eaba605fa939c	145	8	2262412097
androidsupportmultidexversion.txt	a1c3b0007bcaecc29cb7b7fa4a2ace25036988d66a354c0fd6bdea6eb51568fa	53	8	3046001645
barcode-scanning-common.properties	98245f350edba9b80b71e4eb7416d2c18e1b3989a8f15fcc8eb04f5a6098c318	84	8	1013992673
barcode-scanning.properties	045a350629cb114c6b4557590e2230aded7b796c4ec7c1807e815591f8b48218	70	8	745713701
client_analytics.proto	0c76732776772b260528558f9b675a49529cad785c421ca11b487179b8162610	2982	8	3293996117
common.properties	6e34f8b8269d048595ac00b7826dc0988a0bdf4bc131cebd096ee0e24e206127	52	8	4174404066
firebase-annotations.properties	0a9af694f0a979e09e33be21c6428cceb2260d0c85a75cd374ba9fb997383de3	78	8	3251887346
firebase-encoders-json.properties	354e4def95204eb991b805e8f8e2319651e0ed590d1ad6ffe8a5cd4b9ec65db7	82	8	351203705
firebase-encoders-proto.properties	eba792be6ea03f3b6d68eccfd25f3f53a0767657ec12b1b90996b5d5b34a9688	84	8	2715400393
firebase-encoders.properties	527438e526e7befb6c04dc394f4e36824a11019c7d6d687c2772a435d22c0e9f	72	8	2113035709
firebase-iid-interop.properties	a2862ae5811a268630807c645d5dadc1f15e85b922a2ab0408e984ea5548e102	78	8	624148363
firebase-measurement-connector.properties	ca7d9dd559c3cf48a087b9d4fc5b7c6eded0c99892297b59758093459d98463a	98	8	1506388927
googleid.properties	00878ddcdd49cdd9f37b7dd5c0acd1a0f62705e3b2c2c4046042bd9fb6bd7964	52	8	416814706
image.properties	f152de3e1791dceecf408291e589678059b2f9d33d748dac34b1c87c5738c060	58	8	828290987
kotlin-tooling-metadata.json	97a7e5816a0eee2c9cf0f9cff5f847a8f34987648cbcfc982901a6e60cfc66b3	627	8	3918280091
kotlin/annotation/annotation.kotlin_builtins	5f75d4352e432664b2a235c472b991cf88365c73f5fcb5e1f9cc2cbe4b410abe	1006	8	96078319
kotlin/collections/collections.kotlin_builtins	0e654e03a38e119de0f4d11633711bd57e1e8b1a876eda74a90100a2a6e7daa4	8308	8	327658458
kotlin/concurrent/atomics/atomics.kotlin_builtins	955035527393d165a22da4cb9d992f42b4a30b6f070918f3e2b1f2678f83cc9d	2674	8	1252866643
kotlin/coroutines/coroutines.kotlin_builtins	98ab3a3c18fcb237528dd63fa489815c583e1d6c13debd2a27ac6d74ccf8717b	137	8	1360136731
kotlin/internal/internal.kotlin_builtins	64712f94840e6b3f8123f522f32d08c46f083d87c312a74901f7c00224de775e	590	8	3555873624
kotlin/kotlin.kotlin_builtins	c4240215bc20e71b01cc62b43edebd02749b3249d7daa8e7f1dc1514f064c274	29399	8	2183354053
kotlin/ranges/ranges.kotlin_builtins	f9d35b836ccb5380803aab5e6c76d708b1536fc6c82f27185e8cff5913824e1c	4184	8	1405855901
kotlin/reflect/reflect.kotlin_builtins	23ecbc7cbb354f31ba37a1be1793d3bb53c00c92cdcf3867759d09d938a1d7c3	4827	8	3719567087
messaging_event.proto	0b134a9ffe21416fe225f374f44f6eca58b47519feae4c90b82e25677e8d56ce	2381	8	1253723919
messaging_event_extension.proto	1b9c7669ea81fa9233cce0ca5e4b5f0478071c34fb40deea40d703c4565c42c6	883	8	2757322305
org/apache/tika/detect/tika-example.nnmodel	c12063079d42f2b90849ecf598feaed6f4951a3506b7d046ae5b5adc9737d759	5187	8	1047833255
org/apache/tika/mime/tika-mimetypes.xml	e3f15ef4358674f773bfdbde2468684bccab76975479d6be7870a1702c0f99a4	327696	8	1847128616
org/apache/tika/parser/external/tika-external-parsers.xml	c4126ab4dcd3873f40040ca31398ec8ed808440aa0de51584b66546b15aaf6b7	5220	8	621593927
pipes-fork-server-default-log4j2.xml	dc51dcbabfe9a7bd31b1012d5b19bb50aea5cc3c2156cb5a86c4aecdafc5a997	1166	8	350923568
play-services-auth-api-phone.properties	45679326fd37bb011f63d3be3c0f5b96fd50c5d29bf35508cd85d9990c6fbc3b	94	8	2645642361
play-services-auth-base.properties	8bb68b617b58135a15cd36dbea0b6eec72e40ce64a2411f656bed1bcbb2a75f2	86	8	828211763
play-services-auth.properties	d8c727fc5bca05da5df2aa541d730dea2657ae4f6535897384052b08a23fbeae	74	8	1789413649
play-services-base.properties	8d3f6754abfac37a2cd34b08b4c528baa8754ec9ff59878ef3d4ac6b01f4d58f	74	8	3071319275
play-services-basement.properties	b4eb0222955e970ea6434d883c89ccf128b2921b2c0e3e3953b6491ca162c72d	82	8	3242057829
play-services-cloud-messaging.properties	314491414e5f73358eb3dcf7f7745e1efddb7614f5552066d8362a0a2c752037	96	8	886303766
play-services-fido.properties	5206d0482ca9cfbdd5751d14ba56b54fc909e0dca4d7ab6ec269c3129a95ddd0	74	8	1344578096
play-services-location.properties	a66860e4303329409626b651989ed8b5be9205194b97cd16f57e5e7063082705	82	8	2451609739
play-services-mlkit-barcode-scanning.properties	44e42a08e2deb8d85ce4872f779923a498cd8b11d7ab2f0cb33f7d7ba54ae452	110	8	1739477953
play-services-mlkit-text-recognition-common.properties	d123efb15add2faaae9fe0e8edf0861f1848d588cefbe664aa125c8fec8ecf11	124	8	3458620456
play-services-mlkit-text-recognition.properties	c4d4e9e9b70297352419a2ae09827767a33e85cf585f4c894b53ff3c68b06c90	110	8	1734760380
play-services-stats.properties	6b751c654deb3ac65a878025d2ff2b89fabfa0ebe00ac4152ad3f7a361aed107	76	8	1146277826
play-services-tasks.properties	e82b1e7f5fbe3788895488f92aee879f1c431fc100fc7f337d429f213971dd88	76	8	1559446414
text-recognition-bundled-common.properties	5193b078323fd1cb8683c563b4ef65f0bd8e554691bce16c786148147f1e163c	100	8	2761452596
text-recognition.properties	717c7f707b928ff1f75ffb5aa6b87065e9bf8949a410288a817cb4318ea16d93	70	8	1398883045
vision-common.properties	17d5d69b33423ed393118678dd5c66d54bef292e6d295c772d3cda2ac280f093	64	8	2940076309
vision-interfaces.properties	4de4f31504cb086be088a62bb3b14d6e156381238dca2a362108d4ee8ede358f	72	8	1947420475
AndroidManifest.xml	11e300baf07d2f12f1e518c680ed57f16dc4a9b8c1200444ab94fb31f58704ad	24052	8	1983941200
res/-8.xml	a40cc44ea6253fb6da8fb18faef8b62246e787dde6aca7f1987e24e147c14f8a	1152	8	2355626001
res/-B.png	43ccf1f0a5e9e9ed9a6df33e1b3d378d49dbc8dc60d83b1cdb985e5e48f52497	281	0	3939724375
res/-N.png	6b45aef8bf43767c2c1c83dee2bd9ceb9017994fbef6613891e6bc215e2a5ee3	318	0	1402001197
res/-p.png	90c44675525e290332f7dba6adb97c7af3b8299e56cf5211e893d0e1dec41547	982	0	3154794586
res/0E.xml	76d63ce16d49a2c30b1945f36a4ce038c0f78ac8189edc3426453d896c389a79	1088	8	1530890711
res/0S.xml	e27db4e50aefd4991ca5be124205bcef5cd9ab5f4d2967b6f898248543421e34	2544	8	239760092
res/0c.9.png	f94e2129180c0ba6924430374402456035dcd6b6fff7d05f6de7e24196a3af35	267	0	2512112895
res/1C.9.png	9635dab0f3c0b0557f3535d9655784f68130db57ce3920ae68c2d4cab4edd35e	615	0	1100604633
res/1I.9.png	e1a2b864d0114a8471662f8e30ffcbb2eb9ffd414d36239612def8c7792a450a	2305	0	52525934
res/1J.9.png	4d2fe45a8169f368052c921230a268ba9f53ea5fedbcb09ff35107473551e50c	1731	0	813343295
res/1e.9.png	49903073ab23abfc11a55e1333eb2905c743e1b382006c27c15434fd76e0207c	171	0	431487046
res/1x.xml	db8a960c913377f45de018245582ff21a6c0db2f72d00b7185ac495b9777e4d9	472	8	1435061458
res/27.xml	1d6d789501f02c91bc839ae4397789fa88b2570d6a3250ac48ce3d7b6669b5eb	336	8	2782933000
res/2K.9.png	42aee0b03883e94df5e543348a397d1302c1b8221895871a83b81899f5a9647b	225	0	1348069157
res/2P.png	646021cc77e7f4bd68ab59fb32d306f81a2042125e6cdaa16184a062a8183f79	262	0	3743792235
res/2d.png	9f856dd00a4f281d1198e6679ac8611fc67d301f28c07aea97504244ba16cb44	145	0	771315572
res/2f.xml	10bce8ac3d52504d1b0d97ee6c8c956401db6195d384af7ae406f3ec53ec6efc	1916	8	3665819045
res/2j.xml	c30c48c62f3b7d556321f0cd510bb7b944d4b79447a50b9956c7df395fccab61	2072	8	2928846362
res/33.9.png	c7954e2bfbd01e5bbc9d774dd4d743d3f8a26613129fac8071b741bab3018ab0	541	0	3321814959
res/3A.xml	dd7e46a1c964874e223bdcf1c0c8fb4e463d3c2d611a213b05c4d0b2a451244f	1056	8	3498418025
res/3W.xml	976c8b16e6a0728e6389e244e8f8e27d2c5dc8b55a4d20e6d4735a49a1058743	516	8	2198710727
res/46.xml	f7ae277f4518e62c51578ad6b95420c664cebaf13269cac7da1326a17fd27bc3	780	8	181217768
res/47.xml	1007ce8e9477db6eba8214f95c69680c748b3434f926c977163c7028e46f5fc3	892	8	2856678038
res/49.png	4f2f8c2a7b042e55aa8f43f4ce8134b3217ee9cda432c5ff8d4c33d09d86df68	595	0	25460445
res/4B.xml	440c234ca8a09188ec558b13771cb29c2da228956bfb58bdade5c1770384acbe	452	8	3619842007
res/4F.xml	480535d45e1e5d26dd10bb3f1457eff67cfa80548ba63c68eb5c049fed2f818c	1732	8	1462993368
res/4F1.xml	ce5ae432bf94f3471ede5c235ed55792cabf97ae4639b14d3d98df5d62dca7e3	1200	8	821501914
res/4k.png	0e631dbfe2575dd16d3fd6c59641dfa4abb5e162d60f59049e4459f0af29fbf6	201	0	2261669305
res/4u.xml	8f6539ead30c41dc3bf30e19b62f72d06c67e6d6b4a4e0f54944e23195bd3bec	756	8	3717466298
res/5D.9.png	991f73be600ad8821a6743db54af513f9b047058e95066e22fcdd1d72032bc58	272	0	3772779402
res/5J.9.png	9d62d3eabefaf89e6018d3902cc8c4bb888a8891d9639deda8fb58ba60fe1822	1032	0	4109422305
res/5U.png	a475594ae7c771092a3a2718981e2710c737844f44a4401f72d3953753649a7a	396	0	3189883063
res/5c.png	b44eeda34d7a529c2fe55719eb098fa29707caa91d18de06a7a775d6e6bcf973	138	0	72836353
res/5z.xml	ab99637ff4d7562395db303bac57ec1f9e0e4859de81e9f3707af9c68f1925e3	1128	8	630095024
res/62.9.png	7656f2f19a84cefc2bf9fafc00760216775d333fc0b08eb85ff1e0006b46fc20	210	0	1410922532
res/6Q.xml	72edbf1555e94218e5ea646b0e5faccebfcf7a7bb81de013b56d1bf2457f72ea	688	8	183078862
res/6t.png	5eca0280bd38a6887b6e41765cf5da573133874625001eb90156eaeb35fbe088	227	0	1441099833
res/79.9.png	dc9a0ae125491ccdac95b57b5eee4060efd191294e171c8e369d7d0ec3ab2268	694	0	2589311544
res/7C.9.png	2552cd1bcdd9882d6c258833fb70bc081a31a2a093ef9c256f92431370a6e5de	430	0	3351663510
res/7H.xml	dbffc8ed2a57a88cbdf73c042eec9b6b25250b7c7d50e8537f5aee2c0e59e87c	464	8	4272836957
res/7I.9.png	b0b2dc2cae7811c124ae528d714318bb1043b59d82a640f22c47ace64c283fec	345	0	2381112638
res/7N.xml	49f4ee033a368be6286501a7786bb178320100987f959bc33c98e7da1fc861f1	372	8	3900596090
res/7R.png	6083523032ab5df9e6cb82e4ff3d48af7738900a2e9b23d991beaa2eba7862e9	516	0	3992036987
res/7_.9.png	100cc6ae3870dd769a252e44608a81956522e867674f854619ba7c68d314cad7	813	0	3743424033
res/7i.png	5080b07eb486ba05ede737b567eb2bb89d7b79a3edb5c2ca8141c6eba012b75d	464	0	3529884127
res/7o.9.png	007dbf5fa2dc466a4940b0a6a73dab48cb721f64d358f71ff35aaadb9630b5ec	525	0	3370132065
res/80.xml	c2d4585b382ece8a545149e2677f041f1131e6739dc7545088aa030723693ead	2688	8	3365929405
res/8h.png	53340b0b0f529b26db6af632a0112708233bf312448c5b89a1357b2cd70b3f42	946	0	1611553141
res/9N.9.png	0caaea0060b3772ba433c0e9e3a5452f26f3421ba5023c855157270bc675b309	187	0	1388684995
res/9P.xml	05b5baedcd58fd995fb013f2067c87dbb5f9489d7935723829a8df803d507609	600	8	2883468376
res/9T.xml	1d01514fa0d0288a479df7de733e970e0e0debdc997e8d4670fcf474219553a0	932	8	4276139754
res/9T1.xml	1cea1db278d3e121887fc8c12e14c0453d03880c3ab5f75b355964ad4ca36b37	1656	8	273301465
res/9T2.xml	61511d9fd55b6ccae13b40372adda829d4055fae6f5f5ee1746151f2c9d4208d	1028	8	3227503577
res/9X.9.png	94fe9824714ad94c002fe6219e723c0d80c7cbe3a6130d7aa493730b67e294d1	192	0	695154500
res/9m.xml	b11294de4931f3d8d9c2f7c3dbc86074f371bf8f8dd2b89cb767a69e3ceb1842	304	8	2353915009
res/9n.9.png	1411ae65d8160573c166d2a572106fd1103c12f242f67feec5feaa550197e5f5	178	0	2866005597
res/9w.png	cc4124781925826220b41a8b683177e13bb153a77db4bd28663e8683137d8dea	405	0	2909670003
res/9z.png	71a2ba63a5d4e91f7c14324fa1c3eb9290b73cb7b3c7828018d05adb1cfaab45	593	0	3224174817
res/A1.xml	b5aa26062450ef5067c4aee4b5fa3e16a0ec4a806e5cb4eb025af2adabe6b268	872	8	974286970
res/A4.xml	1178a989a41fd4c1a79d5f8a89104b6a0c60be93505e6cce83540cdecd88781a	680	8	3042309694
res/AE.xml	866b54f8bd39c578347b9a47c76713f847365e4e41c5fd1356e6eba1641346aa	2756	8	1261804037
res/Af.9.png	94a0b6363a09d466a3dc3722379ab367d9ff73a21ba0ff2c5bab6c30aa5f8b38	683	0	1492856915
res/BG.9.png	aa61229cd70239278109c5ebe725e72484d0252efa4902a17192366942749289	190	0	1541371996
res/BJ.xml	9e9196d0fa85f1c9424e34321551d9586f74535802f532b451f3ab4e2aa65363	1128	8	401144611
res/BL.9.png	f65a87efa2f53d6fe2d848cfca1f6c90aea5e9fc67ff47f5949a6dd2a76ebe1b	229	0	1667644415
res/BM.png	5a6ca1d0d2fea53813da5b3c9037408087f9f753f58dd2e128a4a48f7689769f	159	0	1388505315
res/BQ.9.png	9865619196624a3cba32a36b0111357afea3148f123221ba8c7265bc681ab8a9	897	0	2238276728
res/Bl.xml	53a9462858df806b6e91f778e9d8e65c9d02f4a23411ba6ac7089c5fa009f2f8	588	8	2952894115
res/Bz.xml	c120060df595bc314e4714fb474eb8b62b10b8a8cb0b27e0a84f997626da1f8c	892	8	608387665
res/C_.9.png	a8676a1793ac8310ffb12986232df66df092d29c242aeedc2b73556c010d38dc	215	0	3241529748
res/Ci.xml	041ff042a706da483557c81e80640405f3bf7ee655d35263b617d5a53ca537e1	2052	8	1166796949
res/D-.xml	908735c9e8592459ce373f1452451161077f70c5b2d678922a928df5d8ca4a12	1720	8	710358918
res/DL.9.png	25f25112cc46b285767de7b5b058cfc0a9efd5f21cfe724af031505d66a9eceb	178	0	3137624786
res/DZ.xml	a8d7341c20d07c9fdab602e7c39187c9abb9caf5fbf9b2832cd6d9f18a2c86c2	320	8	2960756502
res/D_.9.png	9fd37c82f87df00464554344ddddea55e480d09c33b505ac13252036d4d6276e	178	0	3312395994
res/Dd.png	7c1e1629c95fb2603fbdeab93a8fbf30b9c80be11ef483d497f8a88e8f67bd6b	281	0	4200621726
res/EA.9.png	a0d63ec76ec21d40fe96a4b6fb4f4aac5b61a6b63a63472dab055e0d9e9890b1	200	0	807658458
res/EP.png	5358737cb680ea1cdd6ba400d33316fabf872fd44f6a0e127bfc8bdd1632b374	310	0	1086079552
res/EQ.xml	b0ae3609fba5d491a8e9dbff38fea7475df874be04adfbd80a4b50434f95710c	588	8	944472698
res/Eg.xml	a10af62537f859a947100aadf1f55512f74bf6c9cf7b17048f4643f944b27a35	1716	8	588475328
res/Eh.png	f73508090d3e6bbc3e39ba768e71855aad52ecaaaccda676d43a1860010cc557	410	0	213222193
res/FS.png	13e04da6cc1e64add738bcfacb4a5eba799996d20ae9b4f0c8ed21c2e4650d59	684	0	2010261925
res/FW.png	18620c151330289bba196c1cc1e2699f98061a35be3551876296a8c4d592ba17	307	0	869620432
res/G2.9.png	ab94afcb2bb325544c0c1103bf5109b827bf070f441faef909f856ae295a1cf0	1243	0	3998844923
res/GD.xml	30d56de8667e6cdeefb48d9a2a004b40520bcdbc65a7c0c843679022e17169fb	1096	8	459529817
res/GK.xml	2cb2b59d87836c66011889dd3168dc7f0e5a9433f2ba343568037ec4b8525f27	1172	8	1838369698
res/Gf.png	0eed99d0a5e36a468b557605e6ccea495c029f3569844a45f4b5d8dadd77d4a7	984	0	4146354561
res/Gt.9.png	e7e36c3cbcedc97bc28aff91ed72c4310b16c331713a1698a692c66d46f63227	202	0	2751740222
res/H-.png	0fd2f53946eb93b3154f44bdafc8896ea93195a64ce5fc64049e8b7293cd6801	203	0	558759102
res/I3.9.png	5624a284adf8a5e8e7c2560524eb05d7ee97d09a9c2dbe3a76a840766015ae30	1255	0	1034823145
res/IX.9.png	1f7dd8b3521353af473f41850887e9385cf61c390c6e34e4e2bd991921ccfdf8	1544	0	1027634507
res/In.xml	72447d7e1f54a5d835a0c53cd1cbeb5b83920b07683c889f1f20e43cf2d4e548	468	8	880151685
res/Iy.xml	d8e20d0511302f724357b6f1d391d5334ea6dfe20b43b02a6730035f71b66163	2352	8	4124959622
res/JJ.9.png	a04708369abe0920ded20d87d58aebf6992ebb67efefa248a8421895efc5353f	280	0	2800204248
res/JP.xml	7678ba95e88cac87dc773b099327389ff56cc7240f2559e54e9566ae69a78426	712	8	3245260443
res/JS.xml	162c72b2307a66fc4ae7054d5fb9338421f536ea002a3c9314b999f4d715355e	744	8	483190930
res/Jl.xml	3ea724e118328647d6d4a83fee5146d8a2d682c997e3d7b7fda7bcb8d490da80	464	8	1467508691
res/K-.xml	5a226d61004ded45a0f4528ea5187f929eca555daa50338c1d126982eff16e5e	588	8	4283031057
res/K5.xml	395187ec66f1a9eb1c045bcfb5b0a07feb549315570423d4f3c4c93a997bad66	1656	8	2475346897
res/KH.9.png	468607601140955b21c6091897bfc65f609d386fa68d56c199201895e03b3fbc	618	0	3979131439
res/KM.png	1e3b02e24fa431b1abe0a97ad6723fad43df79fda8176c1060b6fbd31178619f	415	0	3959787419
res/K_.9.png	fb71e11c090133a97fe84fa3b76a263b429c9032ec467854b0e32a3157a5eba5	216	0	1331007226
res/Ke.xml	c87557437f158ce5f53183874674d2571a99e85dcb13ed46d6d203975b3dcbff	2360	8	142801413
res/Lf.xml	65c5564899708a0935601cfeceed1ab2d7f300e9872ccaf663cede054cfba298	1656	8	2047058048
res/Li.9.png	a8252f52638c80df119db031626198a4a8d4b32ee618e96c3a36b9b946e26894	1779	0	3916506578
res/Lr.xml	bbc08a8167b01c284b8d66f8f67c04c07b61478145147a17fd36c4bfb223f871	584	8	4102132214
res/Lw.xml	8cd57169d01c9a259839d676b9b0f6b5d7815e6c6640c6d2a09145480736fbda	1228	8	3215639035
res/M7.xml	991d00a5e4ee0175396e37be6d4382e6552f502f4113cd8c420969b6725ebe69	1196	8	2445334536
res/MF.9.png	b4af73e52266be570c2c163d987e64348066db311b41e7a382000529c0136c6b	2816	0	25828836
res/MQ.png	d83543f0c82b62cf499f2618ad99431f9ef50da60b415980ec8e0e50b90e3893	513	0	1860041182
res/Ma.9.png	d27af435101ca4cbec0c840bd30687918cd39eb83aab1487420855623a45998b	247	0	3264922968
res/NA.9.png	c367b73a33a933429e1d57d33fcfbf243f0274e7cdba221a0b983ee15b5baca9	2505	0	2088096877
res/NF.xml	0ab3bc82b3b9fd8499202cafe3d494a9f66fba248d01e90b90e932c8849947cc	328	8	3970749230
res/NG.png	136d08fab0fe416fc7e0eca9c498e63c68357b2caa4241f444bbc3f26f9a74c9	322	0	1734458370
res/NM.xml	04fe5b5e7cdc5bcfdd64b3b1a6954308ab1b8dbc82cf2d9e39bc48ee23e81a71	484	8	839008411
res/NZ.9.png	779a2606a931a399a2c9d3bd01f3c510c412f2916478aa687e430e6003b0a5f3	182	0	755703140
res/Nk.9.png	5c7c682ffb64f4b531de0f9549c0da11c337576e426618522bfd1d35a451a414	776	0	3500926200
res/No.9.png	682c466d3e4f39e31f114abc1632d85e734557bd39814e3ba7d7c61eae2d069b	199	0	814610337
res/Nu.xml	2a12a29193791d349bb512452f54e3d67755ded679c47b4b8e1540e88695e72f	1728	8	1230695815
res/OZ.xml	aef6dca59899c4222c5cdcdb047cd0e4d84efb8fcb2d2655afedc497c8e77b87	1768	8	1330733066
res/Oi.xml	f4c837bf09e607b1253aac9fdfd59383c416c45719180fa21fe49b564baabe68	2896	8	3937644406
res/Ol.xml	f2c4cdf65caa5981c52511bca1f3e5413695f82445183d6a95d0dd8120dd6a14	1656	8	2509231663
res/Pa.9.png	8fcf5b9da03c68dff65adfa8713db9ce3b5e423a9f5046f1785ab640c2a647fb	738	0	844900423
res/Pb.png	683691d79ef11e863fe4ec84ddc631696e5984b5584fc4549d6586dbaca220c7	631	0	2208892088
res/Pb.xml	ef36d26d51e8020d0ec36f285880e049c9b850e13725fc08014752efda09e079	584	8	1941158542
res/QJ.9.png	23439b8899f4b63d68ae9385eaa49286a4b95b95f79b8b8d37de3b0e4fdbc747	189	0	872981899
res/QZ.xml	9b0ac791a3fa953e28b526e020fd2e629b40812ee1bc4693ff5fdfef15044202	124	8	1548506544
res/Qd.9.png	f62bf21d152a276ae8d9a0d62997f12c60d64ec812fd973ff60e3295deee34b4	776	0	3250139977
res/Qd.xml	a3dbfe4e5cb06788f6d57bde7b908ec285643261bd21abf1ae7318d2aca1bc39	796	8	1534258133
res/Qt.xml	909f4468b73823cb500570ab47067a41b3730aac73729afdb73ea325d3dda04b	980	8	547834227
res/RJ.png	703e3845e8f6df2d4a74d977db539295e81a2a897345ce993a03901feabc80e7	994	0	1416726958
res/RT.xml	27a507582c636080965c336ff6a1877099b712b456ce959e91efa495e0e7dd2b	396	8	3820908770
res/RV.png	7442cda653acbacdf9aef256aa191e5ebb6071a1747312aec45e1db8252a3cfb	563	0	2601789887
res/Rt.xml	4e2f1a37c6430528e726b551860bfee9061069b3bb6a49d7d2cf477080797f99	892	8	1132014255
res/Rx.xml	8ad68151d89b5e3c15bf71e015e18d725df9af137842d7c3d168c4ed8fa81b2f	908	8	1504584553
res/S8.xml	d0e8143ff8e0474837ca282645370682c6ca3d2c50bbb1c5d698abe080b6b5f4	1052	8	2189728663
res/SN.xml	849604779ec2959b4b3b951143ce4655eaa31e1092af430188fb9b13b5700642	3044	8	3531684220
res/Sc.xml	f22d03722ec349fa2fe320e98dee630197cffb5d853cc49039e626c55502298e	1128	8	3594359250
res/Sh.xml	bebe746014252f33bd56d0566f7abc5e0d6add71537359cb4833e6a585e29403	1696	8	2785150726
res/Su.9.png	4bc8f4d13d2acccc1338f73ff90cd97695d9210e04de5da924215243c8950bf3	178	0	1754865820
res/T5.xml	0d703905c7ae1bf20883b31b6a302b86c42713c223b2e57644b400f51e14cf3a	1132	8	208125269
res/TK.xml	645435182c1b0b45f7fa6420c77e181208ab53598dfe75ed8e69f3d146efafbc	892	8	4146146328
res/Th.png	02ad0ea6ff5a560e947452c7d64f679afa2056b44f86ea3b707a1cb175c2ceb0	785	0	2989948258
res/Tj.9.png	0fa17d8754d6d163cc433f087cad6c083173ac87ad7097e76950a25eec5f3e90	327	0	2691882830
res/Tn.xml	2cdb73ef0229857b54f07f05652a062672678de2ecf092f772db1e5540ac3d17	768	8	435790779
res/U-.9.png	e17761ed280edd93d7141bd504b70f9e9e15a8652288d9e6333bf4ce964ef844	223	0	3087982136
res/U8.xml	e618d2ffe965ae475f462281a349c0177b76bc95c1d0bac219325873a2b51ad7	2660	8	1605872269
res/UR.png	3cfd0554844896b500c33513b1e89ed62028d0c80df73d3c5935479f49704a3c	422	0	961476924
res/V1.xml	fb827383ac3adc42d9aa2d2265e85821022b89e18d42cff3569212c575ea35b0	864	8	91064030
res/VM.xml	0ab3bc82b3b9fd8499202cafe3d494a9f66fba248d01e90b90e932c8849947cc	328	8	3970749230
res/VT.xml	1209b460a5cd6b8f36917c786967cc421c958afe12e9e7adab3e6e42e7fd7b98	640	8	1528921530
res/WU.xml	5d4cdaae5838ad9442c085f951b766b2808bff13b8c85a14e0bcf8571514492c	772	8	1837259622
res/Wh.png	239d602c9c65f156fe024613207955ac8fbdd395ae6ec3efa51be98e3a4473f4	171	0	3460175463
res/Wr.png	83a46279e2f65d852c9452c86e38326ef9f3def6f5bec2ef1416c72815a5fbfa	335	0	1833493827
res/Ws.xml	e92f432b851a45bd89fff4594a11eed82c0ae5651ca1835e87b1592f6abc5573	1180	8	3775513214
res/Wz.png	c131ab0e2eb9879bd063e736ab81313c5a4f47eaa2f4a0ec9eca93a1a150ed79	196	0	555162946
res/X4.9.png	c8d13e5687a34d5b85018ff7a9f0f22870a297b261ff140b3ed041ce7e7f4b81	187	0	1097119443
res/X6.xml	2db1b39e3f05bb7c48b96303a624b8630f3e499004d7a95d2e10499cc2a0724b	1312	8	4174604345
res/XK.xml	e49a3d6549f8ffce9ef6716a1dce006f64797eaae60bc091b16c560e20ee59bd	516	8	46912569
res/XW.xml	9b0ac791a3fa953e28b526e020fd2e629b40812ee1bc4693ff5fdfef15044202	124	8	1548506544
res/Xx.xml	965abe54fd42db2ee2e854b428b0ba1780d1d63425743c64ea7fc5cfa60d7ce0	516	8	1781499921
res/YG.9.png	5e3f13ee854fa41354ca7378358b99f8e41f3b1c9968c313b630b02de8704e6e	203	0	3639754282
res/YG.xml	c060c274d928ce309d7e4f90ae0120052e310217df10927945a10e347f0e2434	812	8	3424186934
res/YW.xml	cb486473bc0f7d6c90dea564fd61bb612496371b6b0bcab82b95a10cf70db41e	372	8	3601541619
res/Yw.9.png	a933aaebbeae489dea84e78e7fbc4079fdfda576fbdeb339401fda6cdc03e764	186	0	1954287679
res/Z8.png	afbcaede66a97ddc9b54c4d9891c09415cb6944d79c4c1ae8440cda553963957	420	0	2871662675
res/ZI.png	e8e2fecfbf111cc5ef65dbb6c7395a5ae16a68f7e0922738d0c802b26e866e49	681	0	988198958
res/ZL.9.png	fcb4416a4f5f5b4d72854d91722289789b30bb562c6f0f57975818ab555cc809	1086	0	4274790820
res/ZL.xml	84dbdf78ad99472866fd7f9f40447fcae377c02e0780935987a960bdb6d69ecc	756	8	141324321
res/ZP.xml	d917c1fd3956cbd9abe318e9df5855317c2419e85caf886da076bb6541ec6045	1824	8	4140246555
res/Zg.xml	88c140c333248314fd4ba90147908d8c6408cf56cbc029e7f0f55d5ef89d4473	1028	8	687296157
res/Zn.xml	a0817afbf505cdd5c39871a1183c7016ac77d6702ca32642c8a1e413dd08e28a	344	8	999346609
res/_G.xml	589badb2e3059062381e7cb1537ad2d1974e56dc9dd6b79ec56f8968f0852f33	484	8	794791647
res/_o.xml	68b7fc0e819c526c7e31c1413b1821bc0ccfcf4ab550c356a7f740a9d84917dc	316	8	1170948913
res/_p.png	549a81cda776769840f37f184d34eb673ff9e5c0671c67172818e91273753e1a	1441	0	3786580475
res/_q.png	52549a8d0b6c35faf2795efdf6b4c5fe2cb34b7e8b1039cca7aa2769b6cab3d0	173	0	188325625
res/_y.xml	d7d7c43025c0f1628c507477ae46982bed244e619c83142f150208c1881130c5	612	8	1925324781
res/a0.xml	aa7c0b11fc9ab489fba66cb43f1439b85b3cc39c903bb7de4ca510ee88176c02	1228	8	3180540770
res/aG.xml	d11e72f2bd178943854262f142a08e2a4be74c8c52663421a0f779a627324d29	532	8	2266237369
res/aU.9.png	c63a94e7136ceeef43b0ade8b49e8e1ef4d1060d584f6cb9ab58b7d6eaa16312	448	0	3658321470
res/aW.xml	9b0ac791a3fa953e28b526e020fd2e629b40812ee1bc4693ff5fdfef15044202	124	8	1548506544
res/ar.png	29953bd8019dd96b7701329b9a203cff63460519549b9cca9a5eb74f9b1b0930	391	0	1338981723
res/bL.xml	7dde405a8b87a45cfe7db91fe77f81e13c34f6e70bbe6a5abc14f34f7ba6c374	1408	8	4087599173
res/bX.xml	5f6376dfe199d8a6e40033d3e623989d052c9b2f974d00c824fbb8b76fc6fde8	1356	8	3877115436
res/bb.xml	976c8b16e6a0728e6389e244e8f8e27d2c5dc8b55a4d20e6d4735a49a1058743	516	8	2198710727
res/bt.xml	89f741d408b917f526dede452433821e6849c56dd1ac54c1c43525d51474d66c	840	8	275245524
res/c5.xml	68b7fc0e819c526c7e31c1413b1821bc0ccfcf4ab550c356a7f740a9d84917dc	316	8	1170948913
res/c6.xml	fedc8e3281e6b9294e0099f2c366e3c430d477921e049dade0e7c2e83d9ed24e	372	8	2096968378
res/cL.xml	74f13910c634a6b4730de4fa99c5a595cd4939df021fbe79a5a4f73f6094565a	640	8	1103021236
res/cV.xml	58d94e2a8002f983d3bbd97b3ef212f156061b1dd8d02c96ab6e7701cfc74fdf	440	8	81551801
res/ce.xml	4d7b167714ac12638166ae0c136b1ad43fc09fd3f248985c4c39dfc904da0ff0	1660	8	1279296028
res/cm.xml	3816c83d42d23c0dc86b97f887b3152009180c452cf3bbe51abd6990d44529a5	920	8	1929046294
res/color-v23/abc_tint_btn_checkable.xml	b5560d14640e5615cb71266c29c2f3c7eb2c8205db55b7e3ee0511b34abb4f64	624	8	930533625
res/color-v23/abc_tint_default.xml	0d7d33947d140e69b20af42f8c8d8084e39f955584da7c9a81d988f8b7bea4a4	1120	8	623253295
res/color-v23/abc_tint_edittext.xml	715c6299de1bb9e9af809f8c1926669438545a46b8df229243456ecc33c368eb	668	8	3543540546
res/color-v23/abc_tint_seek_thumb.xml	fe41c9001c3d6ec7547f9eb54794304c136a9964df045f0e1c227967988b0cfd	500	8	2890584565
res/color-v23/abc_tint_spinner.xml	715c6299de1bb9e9af809f8c1926669438545a46b8df229243456ecc33c368eb	668	8	3543540546
res/color-v23/abc_tint_switch_track.xml	ddcd1f4eecb5dab321c6689df6ac1e3fb2749163229fd3027fa58a6e29bab70c	664	8	3782131742
res/color/common_google_signin_btn_text_dark.xml	238de21ea37e5bbab099499e4cc0210381fcc7ad602540a89fb855de28a7dade	712	8	1067716954
res/color/common_google_signin_btn_text_light.xml	fbb83ce755f5ee926c70495e0fa2ba21a193688e10a385196786916a7a27c6b1	712	8	1952183117
res/color/common_google_signin_btn_tint.xml	c230db3d543d322c35c60b744c12b0aa7526f1ccfffbb570caee6f47c99f9626	464	8	1144351805
res/d3.png	2fa524cda78d7ebd66164a896a042277b7a56b8658fb318fc700a114cb04f7b2	432	0	208515363
res/d5.9.png	bb4b092ae69c429e9d4f7ff97c60ba10c2e443a2b0ca19a9f6c77854bf32e293	851	0	2747826869
res/dB.9.png	77d8cc5447360efba3b3f1659bea9680eccbe47e2aaa07424d562f0e5c8af829	500	0	3337974316
res/dO.xml	eaeb4bfd6ad08a63270b4cec13f846555191ce7cde24116eaccf720d39fb8c7b	3472	8	2717773075
res/dW.png	4133830f43f9baa0b0ed3cc80d798b20071da9f51fe12ef6b0bd09abc8d5d33a	267	0	1780540927
res/dY.png	5ced2ab774853050255d7309e10b76217813d56f3f8ab8fb73ac3f635d90c676	404	0	321481106
res/df.xml	76ca5ec12ed3bcdefa23d98db8a8752db4f6d601de694bf0ca6c1392f567710e	532	8	2410257580
res/e-.xml	f92e3a4e9983fe62bd790ddbff41e27f7b953c2707b9b58bad2b12bfeeca0988	472	8	1508139747
res/eA.xml	629fc996802c60a4489cc571ec5d743555c0f6c389b78a6aae66cd5b6d81158d	1868	8	2168365033
res/eR.png	c8825cd637e59a02500d8b7518562f0c91bef2edd971ba3e5ad0f416794d618e	356	0	483927252
res/eT.9.png	80502979302dee7353f475f558c497ae6697f77181a51f7cc80b40d72c2e0c4c	318	0	248812699
res/ej.9.png	378694706fb7256dd2248e2af854efd71ec7e8885f61da2e16a2bd32fcf3d0a9	167	0	895755044
res/f9.png	788a3b9472e9a46e1b6b68d918cd1571914b732e93aab014d77f20be5374e9de	562	0	1980127520
res/fM.9.png	b52228a35520e2d786e962e85013fe7f7c97ffb42677f3bdabc032fbb709952a	825	0	746268540
res/fS.xml	50e5f61cc2bbd7c8f2f96f12cc1b8ab0ac279bbd20679d19be1159e4bb67aa11	544	8	2697923018
res/fY.xml	eac051f11dbb1a0f58bee1897f237702082bdfc45e6979987352aebe2319d0b6	3216	8	2841965420
res/g-.png	3dbbad926d540586d6bd1230f3293108774c95e73f6604f0bbf88c3a11530223	585	0	325182543
res/g-.xml	83b8c9b06b8e8e919f3501bd1de2c39dc957eef735bd88a92d783ae578573dee	2872	8	1112583512
res/gK.9.png	2f7fbda0ba6e53e9a47e2fc0e24e32c447c613a5808c2d6285dc651e83a07ad7	215	0	3657061815
res/gR.xml	e9712c59488d61f80986569852d2c6403dc19ccb8f245599383d614e251e5fde	388	8	1730775965
res/gX.xml	75feadbffa321e7565029d019c1dc712c581d6fdf2858e95683db595aca4f8d6	284	8	3873556857
res/gZ.9.png	bd893783c8d2bebb167ac05a27cdaea5dfd651fe8d64bcb30c14e7b925380c79	524	0	3031614610
res/gj.9.png	d68d03967fb222f7e35772a2e0637f73b4dd0d6cbb9ee3f2b4432d2f90c257db	237	0	2168414641
res/gt.9.png	9a1a48038a8d1dc041035b49cc732db23e008d126c8b2e680749dd29616a37b3	205	0	2890324705
res/h4.xml	2d27fd6517f1de6cf34e19cba2917fb28750a3c6bd5ad365267c416aa13489d6	2124	8	1341441224
res/h7.9.png	9f849bcd788adceb32f4c1a5aa892749bd1e244a3787bfbfbd30d3b6f5d8e9db	1096	0	1160393035
res/hP.9.png	092bf333080e2b3ece63147ea15e6ac04915968c010e5c3f85f8cb650d61ecb7	808	0	3675975048
res/hP.xml	c3d38f7bc6ed574489d576c8c7c0775f4823eb9f0243ee5da500a53b27fc4d31	864	8	3001839037
res/hZ.9.png	378694706fb7256dd2248e2af854efd71ec7e8885f61da2e16a2bd32fcf3d0a9	167	0	895755044
res/ha.xml	6500df39c91ded2c730b1c5510519c27a477790c474d92894e62bef85ba5f48b	564	8	3884173966
res/hm.xml	77975502c923a48d80d71377083974b58fe564649b20ce290a6e4340284403d0	2056	8	2466843883
res/hq.xml	b2b8eab570357610a73322e777914936a1eb6399ade30906783eae1a0d632564	612	8	2880143774
res/hw.xml	16690bff45fd52df33f053b2da46c06ba99c6fb1b28ddb785bc0aaa0d996218f	872	8	1412966557
res/i6.9.png	f62d7aa1f9297302a43332a59834755edbd3a38670b8c523614ae1366b5f947f	186	0	2826766600
res/iO.png	b84a277807f8f3bb5378e6353d99d1344aee10bd9a05f47c30afe3832d9ca7f0	228	0	2697974740
res/iQ.png	e816dc0998f4ee90d7b630f17e16fcc2e72d91078c5315adaac4bc2da4c226d7	489	0	3430853609
res/iQ.xml	221b89ca27c331eb4bd647da6079ea320b77ffa0d8ea56f310390a56fe81554c	988	8	2604262513
res/iR.9.png	2e3d70230977af37c6d7739899a73e63937eebdfe6d802f1a957c43c2f2ab131	484	0	4104789679
res/iW.png	f221f962a62c954a11b1734e9631fc8531e34bee557665fea864aa4386e25e39	808	0	2103637412
res/io.9.png	1417574134c5e9321c0b18fea711a08448ccf49957f55e10cedafb13237510f7	1526	0	3811158005
res/j3.xml	6be11e7513695f109febb9aaec1e9aaab99be3264789d88beab81f64e9751904	1100	8	2015819156
res/j4.png	6002eb56783b956b5f91e6ddffaf36cc867402a01a225e627b4c25c8d21a4e23	785	0	485101068
res/jO.xml	d98029ab0244b919152ef38d38e1c2f09aa738fc512b02944d3e40024b782560	284	8	4083989565
res/jS.9.png	378694706fb7256dd2248e2af854efd71ec7e8885f61da2e16a2bd32fcf3d0a9	167	0	895755044
res/jW.png	24f5db226f1cd56e5e775f82c37f65f3d1eec9091b26b74861629caf0019c3bd	753	0	2467554754
res/je.9.png	21f0b55280be10b187ceff8edef4a5a7047683e6e9fcf47de410aa3839f41094	212	0	931926398
res/kJ.9.png	c0f930a722a16df986923bf419081d1090f9476a7287c8b655ab36ffc08064cb	208	0	2771497611
res/kj.xml	b880f31abaed0e63e6501ae40b408503f16050ada7033ed2d51de3078b603733	2520	8	2150850351
res/kn.xml	c13461a71247ca6206b40b085028e455d390abb7c028b2deddb4fa8d991b3e0f	816	8	1327275203
res/kp.png	f5f349c1e949f0e66374f83b667fc0d0f477379614f36912ade22a299f2194d5	224	0	1570594586
res/lN.xml	a8d7341c20d07c9fdab602e7c39187c9abb9caf5fbf9b2832cd6d9f18a2c86c2	320	8	2960756502
res/lP.9.png	b8b26708d71b4c7a5cf5311abcdfa741fee39c9f5e1383d49ca0c677fcdb03cd	194	0	2489264528
res/lR.xml	e87e32bb79e5f12693e215ac719812a94767b6212a3a5d4320ad9f2ccd09962b	440	8	3239018910
res/ls.xml	67573572cb1410f3ffc41c5f6387e090dc3a2296cc40bd5ae0db50b25575c37d	1292	8	3727396495
res/ly.png	dc08af9d14e6b673bf9f31c248236f0457b322464036647473e3a32a23773f0e	272	0	1476959993
res/m0.png	777a1cf53820aa467267d1f64e5f923656f93047038ea6375bcce257b517930e	267	0	4059471923
res/mm.9.png	d4d2b0dbb039f1c6395183abe945b39470ad9a8a7b680a40fa790df6c645bb43	345	0	3173566568
res/nC.9.png	08a416adad6c0e9bece3238674a76b24bbac2ce95c1cffca817b3c675ac69f6b	465	0	3713891439
res/nI.9.png	c56ab9375b149ba1c5ee268f22b3cf6507bb47986f628391500fba38147dab28	207	0	979167309
res/nT.xml	9d98cb0d63a06334757b678a1e9bd5766511b69b5631de72f14d31af74c03891	1160	8	3785605837
res/nf.png	5e0799a0d0b5d43ed5ae3a378aaa0847a810ceeff58db9a0f7836ebf4ef17146	1208	0	3007401224
res/nz.xml	86e19e81438733c2b11184a6b267d493837bfc723b77988fd2ada7e0d80feb78	532	8	1614401062
res/o-.png	2a715d56915cd304c46ff34acaf256a644c24ed5c9a4e2de46ddc6d10a5f49f4	1406	0	1673297031
res/oO.9.png	71bfd776b21b1102f26e31a0f6dc65d40de2cbae650c7528241d5cdc17eac991	610	0	2288616960
res/oP.xml	5ce7ad49a42070a7565adcfce04476594a01ba14edd01af6bfbf2e2666e75cb5	816	8	2400274906
res/o_.9.png	20343222f9f79dd565c3a2248494d452e70820ac1c437173c38badd45f962afd	252	0	3364883086
res/o_.png	d19092254aa4133fba8b7795fb5db560ad5dcd16c6f79201bec31b0f1e9b608b	651	0	586767697
res/op.9.png	f81412c5131046a83f5d9de1d10e2b4b31f6e2657c4c08743825cd40f605fdd3	286	0	576729413
res/p7.xml	c09f0c2e2bfd5db2db3aef710136fb7377e3aaf426021b9b297ebd597bba022e	548	8	134964517
res/pI.xml	0fcd76fd41cf5f99307078a4c7cbd700daf1f1c6f7e54bfcfae31c8c00be784e	548	8	3633328654
res/pU.xml	650c54c5eff734092ee09354ffa1d833931b7706f2797e801f825604c47c2dd3	364	8	1981137860
res/pV.xml	c3ba0b6ae8942f37633e80cbec345f85939b61eb8b78f693bc3b83ade50a0950	504	8	3873995098
res/pY.png	8430ec003e003f3f2ba2f78d48fd150e25407667e530e82e87a7d4841c0fd676	107	0	1859699185
res/pk.png	b0aa010e7a885e4b7a669c16c7ba10fcd862a12dff3f142c7354778442a63fde	275	0	2530292092
res/ps.9.png	b800fac7d2f0a75b17fad7009707ea49134919e48984e89815a9d24c0fa704d8	178	0	2945574860
res/pu.png	aa00088d0d9fd97bd92ed9ffd29b54bb69a48a984aa73448ce553fb9d812be41	909	0	3411348247
res/q6.xml	bf99875fe47f2726b92e24a19ce2d0de63078ac74920e100b601b2bc6c7466dd	1128	8	3291942889
res/qA.xml	0b51013fc0f5e916a727b75512c1ee9206178bd134509b7b4be6a397fa4d9a6b	452	8	607080404
res/qD.9.png	1f9538745cfd3209cc09ed451c198302aac3a1c5da41e87394377814b1bcc5ee	2834	0	3665934704
res/qp.png	6151450ece3ab9667213c3987b6d8fffa25baf9ff43d53bcd9c94fd8ea7616d0	197	0	2807669343
res/qx.xml	9ab7efb5c7f05c543c384e9f2f04686298dbe1586d469c86ca258e7074947527	2780	8	3491829324
res/qz.xml	89ec2b3c9369e347bd6d77d4ff1be743ecbd955193cc00b368744f58e9e2e626	1656	8	4032970438
res/rW.xml	2c8a505e7836876a80e76f313da9d1acab8d6b7cf168cf1c15e4b5929ed15532	688	8	1977221676
res/rj.9.png	00a1ac74d8164cb5c4749a0b2e77e2c6da4a90abe873d8604f29841c19357c66	1098	0	1031932723
res/rx.xml	339e49981db24708757c4d8ad33d1f5fa465e8b31364efeaa9da2688b2ce02d8	680	8	214741430
res/s0.png	63fad0a19cb9e416586049d40b62161b0cc4c2513d83931d3852e2f5a72e6d13	403	0	4036591387
res/s4.png	0d773e62c756422313262846c787e58f67e0ee87e45e1ae9942002e816c4cb9e	98	0	782467851
res/sA.9.png	0c6328c7b2420570a7ec38b3beb3bac9a29d895ac1ab7239315aba7266418593	212	0	3257712287
res/sA.xml	97c60161f8e9396a70e993ffbbbe6a9d7096b62b639d00392e9b9f3dbcc072a2	464	8	3178479371
res/sg.9.png	67e701476927078d89ab0bbb39fff12d69702592a7a428237a21168a21ec1038	226	0	2300076096
res/sn.xml	8237d47bafc3bab9098bd9344b12dc6c87fdd879a4e1f01c856400c595f298f0	400	8	2971224
res/t1.xml	f9273eb19ba528530d10152c05e0cb04eaba211cf1bbc6bec5d68951e66f0c27	3096	8	2310826048
res/tG.png	52a0358e54439373ca39f99cd83cf3a7be73c257f07fae83edd83c9b4891895d	476	0	3302913083
res/tL.xml	88750dc1f3cc4dbfb9beb44274f4cfca5ee9b83b07963dc9edafe5cb5866faba	716	8	1509445659
res/tS.png	caf1e473df6702c2a6a95d738f1d6f2b73196766b504e5ff333b3c8e747e047b	321	0	417858442
res/tZ.9.png	6b2372b414abc1cfcfd71c98f51901a84c46c5b712046aae019b6110de265175	198	0	417197097
res/te.png	498b0cbd09b6b4feed8aca9ed77d235f5bb272c53d21b332649a00e942d989da	278	0	2698233155
res/tk.xml	dfc3430f4887e92add9b039fcec5906c5eb36d949d61ec5eac1ca466c2a5a007	384	8	2340980999
res/tr.9.png	d66f7061c274b1b6f8524993367af902737ddf9187db0cc8d91a8c64ad9b944a	960	0	3644452365
res/u0.xml	6bd6c250d723381fc0d9928593d86103e7c2bf09c786349566d935d2327278b5	1196	8	3665673361
res/u3.png	55bc27772f6d35be9334fb80c371b327db25faa9a6098c3c14049e92654ac1bf	513	0	3304201615
res/uJ.xml	5994b6789f949c3609d6f63a064d288e8ee5d830c29a403f58b449e1760cc93a	848	8	2237780674
res/uK.xml	d5bb10291a26e1d8ab2458f0230cc01e2f39e25a94737e8505fae3397ef8116f	1212	8	3938094552
res/uL.9.png	006f2dc25bacc39e736bc720e26a6545df7427b6c103b2dd77c1eb872c3f3306	966	0	2649911443
res/uj.9.png	c86d934a5809f32599e42143e306ed6e066b224fe1fa3f32ade1603074e5b136	196	0	59030235
res/us.9.png	42a1b93ba380eeba9d499582df981a535f872af234ad6600675fff37459306e5	1638	0	2313397113
res/ut.9.png	562cba1ad1b9abd502da9c03f4c10bb2bd728022c546f18059319f2ad293280e	754	0	2251795253
res/uu.9.png	3633ec99d66aae4332f9a6b2dbd3480513433001a8eec0e796d2bcb69d75b73f	204	0	3823791286
res/vJ.xml	4e73e3a96f16c9246253fb9bc57568a83548f0681a6a0f1493ea1364ba3c038b	528	8	1417727398
res/vL.9.png	99c14d6855b8be296d58017d3751b8dc849c47b6d1d80ab614ff9075080e461b	223	0	3978292842
res/vZ.xml	60a57d5a332e59929fb2de7299ec2c6ec0a57e305c5131c947daa5ae6125c36b	388	8	1076549594
res/vo.png	5db3ab4d30063b5e8fa63ae2993f83efd0af71d6526b3a1468f9e3bf891af587	727	0	745918827
res/vz.9.png	fa50162bdb3501c6b50cfa36c14dab9c94e48d57f558607ec9858124d70412f9	181	0	2009755725
res/w2.9.png	71f14a18275f8678fd9f0c1c0affc400a975a0b815b82eca7345b6aaecf978ee	1138	0	2935798361
res/wL.9.png	8c3de5389a4fedf23b1efdf1c7737ca7eb44f381c22369153dfa972613a4c448	437	0	997246448
res/wN.9.png	18b328d8017e677d5aad3dbd66bae356b5cac978c6f0670938ea648e51d0eb66	225	0	2715192528
res/w_.png	055d5f87b1bbb6677096bc7eb7eace57e40216cb97f2b2b926d26c1263f9abce	214	0	1784469944
res/x4.xml	2d825b79cce60203492ff09a04826db0ac8d9eb9bc0fb9fb139ae1aa5cde0f67	1528	8	2392760916
res/xH.png	7c8472b72441cc28a1ac53a08b4f0c14f310af338175ba6c46fd6342ac8ce2ff	186	0	1494279640
res/xN.xml	a6c6cf76fe21c6eb39404394c86cc1d3018c957bd456c392682187bc09d31a3b	2456	8	39640053
res/xR.9.png	9a9c940ea133f7e0ac8db6f06e13e852508633c21f8c71f297483165a06d92eb	194	0	2184050449
res/xa.9.png	3e09afa21c45372c035598c017c8fb405a6d678e6cb84dc857581cb3b40e482d	221	0	986722933
res/xj.xml	008ab99ec5591cf6e37a9826ee9451566ba2e3e8821905f017506c34c02dc7aa	588	8	2740154715
res/y6.xml	f598c9c16fc0a9850cbe4460b5423335c88618c50d58c91d9afe71d2772888d9	588	8	2614158626
res/yH.9.png	5ae9594240ada5e53500e2524215b3e2b3c91e6dd95b05e0acdd27d9d8c57e72	184	0	3559073720
res/yY.9.png	f232714ccbecca97adc63b0811d62629057c77dcbd0b062c82e26754cb744831	186	0	4113473045
res/yg.9.png	62477adc74d4e6836e3c0e4b5337c37d748cb3f94033f42c629938ef18d38b41	395	0	2536390643
res/yn.png	e78ecdfaaf02a10c1d8ac1906b0dd149e72956c74e1819cb778849b25f2d3682	507	0	3669289201
res/z-.9.png	559bf783d765c02338e97952bdc9c6689c7ff99090b8c9813369118da8b080f0	221	0	2571432730
res/z9.9.png	77f0ebab2416404eb1d562342e431541d885686dd1e49d6dc93be1a86c2273c4	417	0	1015364852
res/zE.png	a547431febf108ccfa9588ab89b1078e387bb351eb54d772394332187f770b74	324	0	4269054707
res/zV.9.png	0f8db605d63bf1d6d35fd647d592ac4e70c9a712ff5d1c2114c8d58a88b8228a	2463	0	2880238290
res/zn.xml	f1dd43e7cc35c6405c0dfcd8f9251101e7a2575703da448b88a1dc53c3d02feb	308	8	283987299
res/zq.xml	613c1de245a88b5f02c0027125f9c693e808c80b3451aa8d6341153f67661843	1040	8	2076904616
res/zw.9.png	be03693c47d3c4d4466f14a695eaccd210b61e91d808c0c4a46d6f021b598278	1510	0	817334723
resources.arsc	74ebc9d71a471aa73a1cb060662fec2dadb1ccdfea8999d8c56cfcfabe8aed6f	346448	0	1629129565
